ID,Name,Birthdate,Gender,Address
a85a4e98-e034-4505-8830-a7579e9a8443,백지우,1984-02-02,FeMale,광주광역시 동구 78로 14길
7d42f633-7aac-43e6-b8c5-7b881f2c30ef,민시호,1976-02-01,Male,서울특별시 광진구 4로 87길
05776234-3d47-4d45-87e3-20157f5f71c6,서현서,1972-04-08,FeMale,서울특별시 중구 74로 30길
47763b2f-517e-47f7-848f-3c576a25360e,손규혁,1971-02-13,FeMale,서울특별시 동작구 31로 76길
ff2d0fd4-db21-4aa4-a427-7838533648e2,오윤진,1984-03-14,Male,부산광역시 부산진구 83로 73길
dc257248-bf58-40b5-ab79-7cf8ae6dfd1f,문은늘,1996-09-07,FeMale,부산광역시 동구 56로 60길
7fc8d956-aece-4e1c-aac0-5fa9b5141da5,민선영,1971-04-09,Male,광주광역시 동구 77로 8길
97fc8812-b5d3-418e-b37e-e8d97a5b2c46,진윤후,1972-10-22,Male,부산광역시 중구 89로 91길
4401bcf6-aafc-4ee8-a9ce-d6f1acbc8e93,성민람,1994-06-17,Male,부산광역시 사상구 58로 30길
8f1acb4c-e034-40c7-af53-6d22ccba7ea5,나선찬,1994-05-09,Male,광주광역시 동구 31로 10길
600b0d23-db69-41c1-97bc-ff0ceb68e1c2,고도성,1974-04-02,Male,광주광역시 북구 19로 35길
cd7b1de9-d7ed-4dc3-a7d2-660a839c3eb0,정현안,1976-10-25,FeMale,부산광역시 동래구 22로 62길
18a84da4-baf1-4e13-a6a6-7f59eaa3b37d,홍승훈,1998-09-13,FeMale,광주광역시 광산구 11로 11길
3af6df94-90fa-485c-8349-c31626ac358f,신규율,1971-02-20,Male,서울특별시 동대문구 55로 14길
00353776-687d-4362-a743-95f738a0a520,엄서현,1987-03-24,Male,부산광역시 영도구 9로 64길
8a79f2e2-2ab1-49dd-9a40-9c9c3def3544,유도호,1987-07-10,Male,광주광역시 남구 77로 4길
b0822b0e-f649-4246-8dab-e33e4ac468a0,구주율,1972-12-05,FeMale,부산광역시 중구 38로 85길
0b242ac3-5da0-4db5-86a2-bb18f37c3a90,양윤혁,1979-01-16,FeMale,서울특별시 강북구 79로 12길
62dbe149-3491-4f5d-b94f-d293a12acb51,박선준,2002-06-27,FeMale,부산광역시 중구 24로 66길
3d16e6e5-15ba-4071-a971-1150d355999d,진승호,1995-05-14,FeMale,부산광역시 동구 100로 1길